Salary_INR,Working_Hours
"Rs 562,178",42.54704387870132 hrs
"Rs 965,500",47.84734761782484 hrs
"Rs 812,396",44.88040447428418 hrs
"Rs 719,061",37.44401640622144 hrs
"Rs 409,213",36.058531211006446 hrs
"Rs 409,196",44.63628917309474 hrs
"Rs 340,659",35.39766965812433 hrs
"Rs 906,323",43.78663371910195 hrs
"Rs 720,781",49.10345362137436 hrs
,43.63211266813818 hrs
"Rs 314,409",40.82254889309783 hrs
"Rs 978,937",44.6493232766353 hrs
"Rs 882,710",41.87379335737275 hrs
"Rs 448,637",43.18425183973903 hrs
"Rs 427,277",49.12197213164788 hrs
"Rs 428,383",40.79153956701161 hrs
"Rs 512,970",49.41785845735871 hrs
"Rs 667,330",48.58025962934096 hrs
"Rs 602,362",37.93686702183945 hrs
"Rs 503,860",36.04041951312748 hrs
"Rs 728,297",36.5116700206614 hrs
"Rs 397,646",35.273327384773246 hrs
"Rs 504,501",36.41664441133893 hrs
"Rs 556,453",45.24510160124535 hrs
"Rs 619,249",36.06782972690343 hrs
"Rs 849,623",39.78463445440642 hrs
"Rs 439,772",47.67312966454182 hrs
"Rs 659,964",35.34907903603739 hrs
"Rs 714,690",47.21702723883404 hrs
"Rs 332,515",39.227821621601 hrs
,36.772472414324845 hrs
"Rs 419,367",45.45105748046226 hrs
"Rs 345,536",44.43414270169826 hrs
"Rs 964,220",48.1620802029058 hrs
"Rs 975,942",46.02606565705828 hrs
"Rs 865,878",47.05221395577273 hrs
"Rs 513,230",39.2305185885696 hrs
"Rs 368,370",37.66159315669584 hrs
"Rs 778,963",46.25922127461288 hrs
"Rs 608,107",47.10252108900896 hrs
"Rs 385,427",49.8575771300101 hrs
"Rs 646,624",41.1892651536714 hrs
"Rs 324,072",40.580271286891744 hrs
"Rs 936,524",46.646194411129954 hrs
"Rs 481,146",40.11205310379527 hrs
"Rs 763,766",48.96135988405347 hrs
"Rs 518,198",47.87619127764518 hrs
"Rs 664,048",41.43491041062528 hrs
"Rs 682,697",46.26306601687246 hrs
"Rs 429,398",46.31814311127023 hrs
"Rs 978,709",36.54685803253899 hrs
"Rs 842,593",48.5382936001935 hrs
"Rs 957,649",42.578785586717856 hrs
"Rs 926,379",47.39686199161612 hrs
"Rs 718,530",39.80074401545917 hrs
"Rs 945,312",48.432848427443005 hrs
"Rs 361,945",40.83802518101245 hrs
"Rs 437,188",35.16256477220448 hrs
"Rs 331,659",48.58072964628896 hrs
"Rs 527,731",36.369300151792 hrs
"Rs 572,074",39.78970456385622 hrs
"Rs 489,944",49.25092950576207 hrs
"Rs 880,116",49.25910720406334 hrs
"Rs 549,727",43.60156832184929 hrs
"Rs 496,654",44.477558182546986 hrs
"Rs 679,887",41.7266828296748 hrs
"Rs 398,647",
"Rs 861,538",
,45.08777684115557 hrs
"Rs 990,821",46.2856179415652 hrs
"Rs 840,571",46.873685655887726 hrs
"Rs 439,101",46.84427214191831 hrs
"Rs 303,865",36.36809154573036 hrs
,42.41630457053872 hrs
"Rs 794,800",35.863381400249665 hrs
"Rs 810,305",43.24293323485603 hrs
,
"Rs 351,831",48.31556274137449 hrs
"Rs 550,926",40.26372518828118 hrs
"Rs 381,108",36.75600524641409 hrs
"Rs 904,172",37.144875230792536 hrs
"Rs 736,309",46.42265947576208 hrs
"Rs 531,629",44.27327094974392 hrs
"Rs 344,491",36.516840141841854 hrs
,36.26160209172496 hrs
"Rs 527,628",45.5145369718868 hrs
"Rs 810,724",36.0914450954629 hrs
"Rs 746,290",47.32790088935534 hrs
"Rs 921,049",45.59363340734744 hrs
"Rs 630,550",36.22023170962849 hrs
"Rs 383,716",36.27256571127788 hrs
"Rs 799,271",49.79959367751764 hrs
"Rs 832,550",40.614061936341805 hrs
"Rs 692,894",40.55963220600336 hrs
"Rs 839,677",47.19199350886254 hrs
"Rs 645,657",49.208728660757885 hrs
"Rs 665,913",49.790015957343066 hrs
"Rs 599,279",46.30067277888412 hrs
"Rs 317,793",40.64389378296374 hrs
"Rs 375,524",36.25251075048004 hrs
"Rs 322,000",46.65720373891155 hrs
"Rs 745,487",43.37606374603708 hrs
"Rs 520,049",41.36333013870465 hrs
"Rs 655,999",48.59531577642104 hrs
,36.66796223459227 hrs
"Rs 474,505",42.38937656436289 hrs
"Rs 587,268",35.17030467151129 hrs
"Rs 828,886",42.02990962991189 hrs
"Rs 460,159",35.84454913522756 hrs
"Rs 353,886",36.78226874402108 hrs
"Rs 502,826",36.76289370165657 hrs
"Rs 412,855",44.73815453174095 hrs
"Rs 950,788",46.19067318898135 hrs
"Rs 865,684",43.7505314764574 hrs
"Rs 743,383",49.43258822711813 hrs
"Rs 910,022",40.62305869285556 hrs
"Rs 862,570",39.28568129422791 hrs
"Rs 430,599",48.0289869228419 hrs
"Rs 924,791",38.35393757779179 hrs
"Rs 677,540",49.44833809160917 hrs
"Rs 865,208",35.18231712034724 hrs
"Rs 927,264",49.548182400614586 hrs
"Rs 522,602",35.64739867925864 hrs
"Rs 377,036",
,
"Rs 598,975",49.894471941789504 hrs
"Rs 872,610",36.10694847103098 hrs
"Rs 902,511",43.30781426601981 hrs
"Rs 304,866",49.53953803428649 hrs
"Rs 657,523",42.84646766255223 hrs
"Rs 592,188",
"Rs 455,475",45.436230334769256 hrs
"Rs 383,906",41.8181159715166 hrs
"Rs 536,331",44.41337120126095 hrs
"Rs 960,037",43.7647146788465 hrs
"Rs 526,242",48.51737015736484 hrs
"Rs 663,153",35.68169570512187 hrs
"Rs 792,113",39.214447843883455 hrs
"Rs 554,541",49.25617226114838 hrs
"Rs 980,247",48.35395675836374 hrs
"Rs 973,713",41.8348512917857 hrs
"Rs 476,248",44.30198896702305 hrs
"Rs 648,074",39.16071774471699 hrs
"Rs 510,615",37.82181739585642 hrs
"Rs 499,388",41.955476074099735 hrs
"Rs 325,821",40.30028342039079 hrs
"Rs 726,695",43.75484167776308 hrs
"Rs 651,875",36.16601955447477 hrs
"Rs 336,035",49.6159221149925 hrs
"Rs 495,053",49.79316116719404 hrs
"Rs 935,786",45.47242571029618 hrs
"Rs 467,693",43.04144549516181 hrs
"Rs 401,426",39.642914244294914 hrs
"Rs 642,617",47.20692529560423 hrs
"Rs 989,955",
,37.43925409017337 hrs
"Rs 770,495",48.66390776740764 hrs
"Rs 833,134",47.33805864384753 hrs
"Rs 466,346",49.246998699378864 hrs
"Rs 809,751",45.8857926258254 hrs
"Rs 557,448",44.20122793903685 hrs
"Rs 742,614",41.27364554435928 hrs
"Rs 743,471",48.9909272503102 hrs
"Rs 675,042",47.990958342506126 hrs
"Rs 363,203",35.67828005159284 hrs
"Rs 884,712",35.39550461745878 hrs
"Rs 524,546",40.64695050317074 hrs
"Rs 430,563",47.15829996172749 hrs
"Rs 328,543",49.80914193972417 hrs
"Rs 713,625",37.256253366552926 hrs
"Rs 774,295",43.911960730282026 hrs
"Rs 311,611",40.71336284946533 hrs
"Rs 658,465",49.548715967219046 hrs
"Rs 458,547",47.63178384703563 hrs
"Rs 751,621",47.57493057066706 hrs
"Rs 422,057",42.03039739692456 hrs
"Rs 783,656",41.22229253506498 hrs
"Rs 570,715",39.10110607896059 hrs
"Rs 955,711",35.845632449763905 hrs
"Rs 396,265",
"Rs 538,746",47.19351513695116 hrs
"Rs 379,431",49.99576509929196 hrs
"Rs 947,286",49.94955255610858 hrs
"Rs 914,138",43.33147558403941 hrs
"Rs 480,559",46.53481122770766 hrs
"Rs 761,989",49.17148594823642 hrs
"Rs 872,056",47.74471086016117 hrs
"Rs 688,641",38.71022152614796 hrs
"Rs 670,755",
"Rs 469,297",36.93739122727243 hrs
"Rs 365,172",49.31076540888083 hrs
"Rs 928,051",44.0926195167632 hrs
"Rs 930,293",38.42964208255194 hrs
"Rs 743,171",45.07551026608785 hrs
,
"Rs 544,447",40.37244077049261 hrs
"Rs 808,169",36.70336388299444 hrs
"Rs 927,977",45.073597933892 hrs
"Rs 920,960",42.8046155135569 hrs
"Rs 845,913",46.58477587603459 hrs
"Rs 749,422",42.8024525166799 hrs
"Rs 358,898",47.7827225047781 hrs
"Rs 413,140",43.278602581617285 hrs
"Rs 928,988",43.4140695730308 hrs
"Rs 724,500",48.14980403987518 hrs
"Rs 306,438",41.05224299318596 hrs
"Rs 371,030",37.01022842675961 hrs
"Rs 764,451",35.431740144700086 hrs
"Rs 303,543",46.32705883510428 hrs
"Rs 412,566",44.304643270301966 hrs
"Rs 684,114",45.56119652148836 hrs
"Rs 784,327",38.19446242263366 hrs
"Rs 756,373",37.04557213380155 hrs
"Rs 456,989",35.21816998501823 hrs
"Rs 798,525",40.25881338209896 hrs
"Rs 466,074",43.84876530281949 hrs
"Rs 527,780",40.88366067649599 hrs
"Rs 822,544",41.56212383035594 hrs
"Rs 754,743",48.562380417406224 hrs
"Rs 894,456",40.22383200534951 hrs
"Rs 760,329",42.70984233739716 hrs
"Rs 697,816",46.75479519111715 hrs
"Rs 365,572",40.94814173481905 hrs
"Rs 557,401",44.331300503418106 hrs
"Rs 485,642",47.93545563120118 hrs
"Rs 470,793",49.24280935486463 hrs
"Rs 981,107",37.206102213935566 hrs
"Rs 575,168",48.89881437742242 hrs
"Rs 924,433",42.38174439619307 hrs
"Rs 741,797",38.87366582448438 hrs
"Rs 856,368",41.88703634357392 hrs
"Rs 651,846",49.70048862928216 hrs
"Rs 703,833",42.38927140989304 hrs
"Rs 644,762",39.93127415431263 hrs
"Rs 436,670",44.50101281475089 hrs
"Rs 805,716",38.6021842816729 hrs
"Rs 496,541",36.13794992162996 hrs
"Rs 317,021",
"Rs 751,831",36.92068758436659 hrs
"Rs 423,977",37.27854040268441 hrs
"Rs 958,321",37.08240758974115 hrs
"Rs 967,750",44.61312117204822 hrs
"Rs 940,405",37.72820126598717 hrs
"Rs 559,111",40.18500924985795 hrs
"Rs 310,820",48.45182614859018 hrs
"Rs 949,823",42.10942460394308 hrs
"Rs 599,729",45.013366077815405 hrs
"Rs 976,658",37.58479806802445 hrs
"Rs 974,534",37.88433528213006 hrs
"Rs 897,107",35.61302924399718 hrs
"Rs 506,114",37.53402594608247 hrs
"Rs 569,568",39.17885508547938 hrs
"Rs 895,796",37.6551572641512 hrs
"Rs 521,845",36.33053800635584 hrs
"Rs 418,645",36.80953806650901 hrs
"Rs 689,761",41.91168152049089 hrs
"Rs 955,308",38.095005776086886 hrs
"Rs 787,221",40.46404791572113 hrs
"Rs 699,043",42.55125906282285 hrs
"Rs 368,024",45.35592242944048 hrs
"Rs 730,505",35.58968209761648 hrs
"Rs 993,038",46.99115598363564 hrs
"Rs 398,059",44.418505842363615 hrs
"Rs 662,831",36.22638547923308 hrs
"Rs 914,161",48.10367936160166 hrs
"Rs 818,538",48.8130860079772 hrs
"Rs 787,911",35.916169397822955 hrs
"Rs 791,739",39.15316472220805 hrs
"Rs 551,644",47.09301919689592 hrs
"Rs 505,514",46.22389535575488 hrs
"Rs 866,553",37.76781529034566 hrs
"Rs 867,079",38.140239850050655 hrs
"Rs 906,951",40.55708154187073 hrs
"Rs 939,268",42.26784477786532 hrs
"Rs 657,940",44.27382157295444 hrs
"Rs 651,061",40.53370459354659 hrs
"Rs 858,807",41.93802074199722 hrs
"Rs 754,975",46.21206407200635 hrs
"Rs 791,377",35.55024804335897 hrs
"Rs 857,055",38.78655416516031 hrs
,45.70024378826829 hrs
"Rs 536,597",48.42810256530799 hrs
"Rs 562,908",42.675161631734994 hrs
"Rs 365,787",42.98170227897973 hrs
"Rs 704,796",36.60758017009664 hrs
"Rs 325,160",41.71118550235182 hrs
"Rs 625,919",42.98925899682535 hrs
"Rs 679,851",38.63705755452094 hrs
"Rs 500,579",39.03864846424072 hrs
"Rs 713,583",40.65926244656934 hrs
"Rs 321,350",35.3010679666659 hrs
"Rs 326,144",39.83118748374768 hrs
"Rs 875,820",38.17172010494817 hrs
"Rs 552,133",39.91246028266872 hrs
"Rs 388,942",36.79643197728877 hrs
"Rs 665,570",48.35790921109842 hrs
"Rs 838,995",
"Rs 451,075",45.18653478716735 hrs
"Rs 736,023",46.83756857911008 hrs
"Rs 359,743",42.47663298393586 hrs
"Rs 336,177",36.30380432131136 hrs
"Rs 671,948",43.05659812727822 hrs
"Rs 678,445",43.80261677031319 hrs
"Rs 746,201",46.18159211276495 hrs
"Rs 808,264",41.47489319344519 hrs
"Rs 983,096",36.913704541933456 hrs
"Rs 661,410",
"Rs 526,070",40.44623444597953 hrs
"Rs 856,630",44.68875861997402 hrs
"Rs 489,583",43.56167457003368 hrs
"Rs 607,280",40.34145088846769 hrs
"Rs 354,919",49.79772873189469 hrs
"Rs 317,746",
"Rs 973,854",38.55840187603992 hrs
"Rs 885,186",36.52673708930605 hrs
"Rs 787,182",37.29288708776498 hrs
,38.689365925767625 hrs
"Rs 421,306",37.41022059889333 hrs
"Rs 409,506",37.79850536076959 hrs
"Rs 475,170",
"Rs 684,459",37.600603929421325 hrs
"Rs 800,217",48.451481369396376 hrs
"Rs 762,138",36.20350618492464 hrs
"Rs 495,954",42.86767084355382 hrs
"Rs 968,406",41.155952404844925 hrs
"Rs 816,528",49.73567925362909 hrs
"Rs 688,048",36.68058353252079 hrs
"Rs 728,205",40.96783398568613 hrs
"Rs 593,720",49.54205649913053 hrs
"Rs 473,412",47.982606888409705 hrs
"Rs 549,181",47.2560810642392 hrs
"Rs 830,492",38.8685424056741 hrs
"Rs 310,075",37.563313810850985 hrs
"Rs 381,251",45.02964829886646 hrs
"Rs 332,202",48.94063983691379 hrs
"Rs 328,510",43.35144339520895 hrs
"Rs 898,822",43.574190342048496 hrs
"Rs 792,561",39.19968640490426 hrs
"Rs 631,922",46.54239399787905 hrs
"Rs 368,484",37.80565622836285 hrs
"Rs 644,131",39.85518854606366 hrs
"Rs 631,430",41.381546579246255 hrs
"Rs 421,241",42.614155680266826 hrs
"Rs 603,696",38.63614598622621 hrs
"Rs 578,953",36.72255237108806 hrs
"Rs 731,095",
"Rs 744,566",39.32945829860384 hrs
"Rs 331,713",43.71857332133919 hrs
"Rs 562,229",37.31544072911304 hrs
"Rs 738,102",42.217101527822265 hrs
"Rs 1,644,509",15.366118191074198 hrs
"Rs 250,288",69.99683763193423 hrs
"Rs 1,076,152",26.79244744764686 hrs
"Rs 489,803",81.84434315525709 hrs
"Rs 283,787",26.411171238560573 hrs
"Rs 2,970,885",
,12.92397342784759 hrs
"Rs 2,448,636",47.765355608799936 hrs
"Rs 838,458",55.187290661009314 hrs
"Rs 2,076,358",15.25669115426819 hrs
"Rs 2,304,661",72.04220933560084 hrs
,46.26310677984221 hrs
"Rs 1,467,571",51.951221546206405 hrs
"Rs 1,294,339",45.26101975505825 hrs
"Rs 1,111,718",42.06104487002608 hrs
"Rs 2,795,635",54.77122650465744 hrs
"Rs 2,508,796",22.419219674457 hrs
"Rs 2,898,578",24.55425043962169 hrs
"Rs 460,462",78.94284968108138 hrs
"Rs 2,219,516",85.68923697069062 hrs
"Rs 2,821,187",39.86474530238024 hrs
,31.659573851484303 hrs
"Rs 292,839",61.51996345912126 hrs
"Rs 2,249,250",42.698733687847714 hrs
,12.030908452827587 hrs
"Rs 2,541,303",22.49220778929523 hrs
"Rs 505,340",67.2777783077918 hrs
,62.71391535281211 hrs
"Rs 684,719",12.16767940027868 hrs
"Rs 574,602",27.757772954635957 hrs
"Rs 576,371",28.485983727045717 hrs
"Rs 2,462,267",63.75141948789828 hrs
"Rs 2,029,072",11.576843020349132 hrs
"Rs 1,616,890",18.32868655876591 hrs
"Rs 1,140,608",73.99328682985515 hrs
"Rs 2,643,882",24.28357296434669 hrs
"Rs 1,238,091",62.21968862814997 hrs
"Rs 2,468,138",29.05462248373812 hrs
,17.955311420747613 hrs
"Rs 1,193,139",29.453775279956325 hrs
"Rs 1,441,771",67.78135454845273 hrs
"Rs 973,996",78.45571744850287 hrs
"Rs 2,268,067",76.41758916535933 hrs
"Rs 1,557,889",41.77468236947639 hrs
,
"Rs 2,708,766",26.39874363326568 hrs
"Rs 1,213,285",33.45181842088106 hrs
"Rs 1,676,303",81.70686548168958 hrs
"Rs 2,728,769",11.040153880858885 hrs
"Rs 1,910,290",16.840682468357446 hrs
"Rs 439,004",26.630900411682184 hrs
"Rs 2,825,513",12.122576309905575 hrs
"Rs 1,920,353",24.514834807183785 hrs
"Rs 1,071,226",56.643324877575374 hrs
"Rs 503,889",43.71396404739984 hrs
"Rs 2,402,673",81.41373688615799 hrs
,75.39548493907527 hrs
"Rs 1,647,037",37.34538813583008 hrs
,30.7538746745034 hrs
"Rs 2,386,932",40.37539265338136 hrs
"Rs 539,857",57.22359540118462 hrs
"Rs 1,003,994",31.4450912658301 hrs
"Rs 820,619",59.93191262793072 hrs
"Rs 2,257,444",42.75293217529924 hrs
"Rs 197,244",54.16377446815842 hrs
"Rs 1,752,680",44.890122330825335 hrs
"Rs 2,311,130",33.55726076335341 hrs
"Rs 2,642,620",85.87626455697253 hrs
"Rs 1,092,037",71.08846353278086 hrs
"Rs 2,481,646",21.2090540613162 hrs
"Rs 420,832",79.47743807183302 hrs
"Rs 2,554,712",48.99449585996109 hrs
"Rs 469,717",81.56417815152732 hrs
"Rs 1,252,133",73.98842047578522 hrs
"Rs 2,412,157",44.017080357538674 hrs
"Rs 534,761",11.797544665609392 hrs
"Rs 764,829",31.494188750795686 hrs
"Rs 2,194,532",53.33073717286936 hrs
"Rs 2,188,106",60.67825758609178 hrs
"Rs 1,959,328",30.631014834656185 hrs
"Rs 2,112,450",
"Rs 1,673,901",76.79441894394392 hrs
"Rs 830,217",88.75217445628417 hrs
"Rs 1,102,518",52.05521458421487 hrs
"Rs 626,633",23.73434286786428 hrs
"Rs 2,734,507",31.78458612154952 hrs
"Rs 1,791,836",11.47125412379734 hrs
"Rs 1,262,469",83.14390452483993 hrs
"Rs 1,439,817",19.42008663121129 hrs
"Rs 2,847,122",56.121318041140285 hrs
"Rs 544,719",31.92441765497648 hrs
"Rs 1,800,067",54.33424020126347 hrs
"Rs 1,567,077",62.11363106814914 hrs
"Rs 1,873,217",76.37934429657614 hrs
"Rs 152,520",26.51370174084825 hrs
"Rs 2,629,159",10.879666292678438 hrs
"Rs 2,803,143",20.950850405504585 hrs
"Rs 1,738,886",82.0014913478484 hrs
"Rs 2,120,287",79.91120620500122 hrs
"Rs 2,775,248",
,58.04134883469227 hrs
"Rs 542,363",63.20293396370044 hrs
"Rs 1,771,236",24.029702289875967 hrs
"Rs 1,859,474",83.15295567399679 hrs
"Rs 1,329,979",43.50164199136585 hrs
"Rs 2,235,688",40.65108225995979 hrs
"Rs 2,809,664",51.513416422627 hrs
"Rs 2,784,149",13.757277342004404 hrs
"Rs 1,407,434",23.302669500486356 hrs
"Rs 428,390",69.04268931410964 hrs
"Rs 2,956,039",16.623893434010117 hrs
"Rs 2,532,804",58.252168757311054 hrs
"Rs 461,522",29.62792877450568 hrs
"Rs 2,770,441",41.14364912335813 hrs
"Rs 2,622,699",33.09549894165599 hrs
"Rs 1,604,630",38.45381731719593 hrs
"Rs 1,814,699",67.52367241473964 hrs
"Rs 1,257,108",33.769737249854 hrs
"Rs 258,809",
"Rs 1,072,072",48.08403217592797 hrs
"Rs 2,428,275",63.09369322901185 hrs
"Rs 113,433",84.94637914598064 hrs
"Rs 1,067,148",
"Rs 1,254,689",27.195230287260543 hrs
"Rs 1,658,447",12.494650804902774 hrs
"Rs 2,767,581",30.98112354398601 hrs
"Rs 1,104,403",57.60623445602039 hrs
"Rs 1,106,164",14.114065078740028 hrs
"Rs 2,238,754",49.70929977609891 hrs
"Rs 1,411,432",57.74742791335114 hrs
"Rs 751,354",36.73951126535687 hrs
"Rs 1,412,075",71.67297629966575 hrs
"Rs 508,485",18.527860250701742 hrs
"Rs 611,522",16.0110225388647 hrs
"Rs 1,545,267",
"Rs 1,314,884",49.63930529649588 hrs
"Rs 2,753,053",65.07219171421889 hrs
"Rs 1,150,942",44.7861870882997 hrs
"Rs 1,783,706",29.712162659128545 hrs
"Rs 1,933,566",75.52818541393597 hrs
,73.95327031751833 hrs
,65.57571766835414 hrs
"Rs 616,304",31.77161097839701 hrs
"Rs 2,887,104",57.21845334952697 hrs
"Rs 531,122",
,17.326565866130732 hrs
"Rs 347,514",83.38508603697943 hrs
"Rs 2,990,935",20.945490473516912 hrs
"Rs 1,556,366",
"Rs 1,826,617",45.68046183663646 hrs
